label,dice,jaccard,precision,recall,fpr,fnr,vs,hd,msd,mdsd,stdsd,hd95,filename
4,0.612670209232813,0.44161828954455684,0.5476066790352505,0.6952793743522095,0.0018305278352236676,0.30472062564779046,0.23762869478578547,33.87522888183594,3.6964296383675173,1.1875,6.561303720017777,20.23836479187012,nnUNet_raw/Dataset702_AbdomenMR/predictTsOri/amos_7016.nii.gz
5,0.9761273209549072,0.9533678756476683,0.9632681084792311,0.9893345085940943,6.416546293957278e-05,0.010665491405905685,0.02669913466973953,9.0,0.16874087445609418,0.0,0.7885863194796139,1.1875,nnUNet_raw/Dataset702_AbdomenMR/predictTsOri/amos_7016.nii.gz
6,0.8451481505814336,0.7318238707475253,0.8935815504306752,0.80169512651128,0.00022983836002228773,0.19830487348871992,-0.10840286446357007,17.869426727294922,1.3922366902168426,0.0,2.731817932499947,7.510409355163574,nnUNet_raw/Dataset702_AbdomenMR/predictTsOri/amos_7016.nii.gz
7,0.6729559748427673,0.5071090047393365,0.9771689497716894,0.513189448441247,1.496834345043667e-06,0.486810551558753,-0.6226415094339622,9.078003883361816,1.0588390939660384,0.0,1.6073303128392449,4.00634241104126,nnUNet_raw/Dataset702_AbdomenMR/predictTsOri/amos_7016.nii.gz
8,0.5585874799357945,0.38752783964365256,0.8923076923076924,0.40654205607476634,3.1431611100567385e-06,0.5934579439252337,-0.7479935794542536,10.450030326843262,2.2657428215016853,1.1875,3.0128080490143234,9.078003883361816,nnUNet_raw/Dataset702_AbdomenMR/predictTsOri/amos_7016.nii.gz
4,0.9328206920657113,0.8740993056465348,0.9307386482527725,0.934912071743852,0.00016759700161706633,0.06508792825614797,0.004473960153792381,3.755204677581787,0.35934613826514683,0.0,0.7350850739922478,2.375,nnUNet_raw/Dataset702_AbdomenMR/predictTsOri/amos_7164.nii.gz
5,0.9890323012104595,0.9783025732618906,0.9899591672802731,0.9881071691053651,2.5319733373079688e-05,0.011892830894634863,-0.0018725339396776567,1.1875,0.06693773014823907,0.0,0.27387569230151737,1.1875,nnUNet_raw/Dataset702_AbdomenMR/predictTsOri/amos_7164.nii.gz
6,0.9588814186884926,0.9210107627515208,0.936079140112242,0.9828223309697394,0.0001133376295940742,0.01717766903026066,0.048718698236383126,2.375,0.2039103686367627,0.0,0.4531887860742673,1.1875,nnUNet_raw/Dataset702_AbdomenMR/predictTsOri/amos_7164.nii.gz
7,0.7929589270746018,0.6569444444444444,0.9536290322580645,0.6786226685796269,3.873029953845271e-06,0.321377331420373,-0.3369656328583403,5.74218225479126,0.5103264842553161,0.0,0.9269074178029683,2.375,nnUNet_raw/Dataset702_AbdomenMR/predictTsOri/amos_7164.nii.gz
8,0.563953488372093,0.39271255060728744,0.7533980582524272,0.45063879210220675,2.1386451666029845e-05,0.5493612078977933,-0.502906976744186,13.597593307495117,2.3377334421763685,1.1875,3.2657211002715103,9.216443824768046,nnUNet_raw/Dataset702_AbdomenMR/predictTsOri/amos_7164.nii.gz
4,0.908882422568554,0.8329830270978823,0.8821051623866165,0.9373362834109,0.0002682907315137964,0.06266371658909997,0.06071217202604064,6.7082037925720215,0.6548059577536491,0.0,1.0232401624814613,2.8284270763397217,nnUNet_raw/Dataset702_AbdomenMR/predictTsOri/amos_7236.nii.gz
5,0.9815779123731613,0.9638222936233317,0.9677089149450958,0.9958502250454879,5.6672575095653345e-05,0.004149774954512082,0.028663572720836937,1.0,0.10884831460674158,0.0,0.3114488064096785,1.0,nnUNet_raw/Dataset702_AbdomenMR/predictTsOri/amos_7236.nii.gz
6,0.9520240573675688,0.9084407557831538,0.9274800558885834,0.9779023903435822,8.754577313609254e-05,0.02209760965641781,0.05292620865139949,6.0,0.25354551030684996,0.0,0.5662212859766376,1.0,nnUNet_raw/Dataset702_AbdomenMR/predictTsOri/amos_7236.nii.gz
7,0.7948350071736011,0.6595238095238095,0.9497142857142857,0.6833881578947368,2.39146239229723e-06,0.31661184210526316,-0.32615973218555716,6.324555397033691,0.39683236879003786,0.0,0.8366854096093025,2.0,nnUNet_raw/Dataset702_AbdomenMR/predictTsOri/amos_7236.nii.gz
8,0.8203921568627451,0.6954787234042553,0.8812131423757371,0.7674247982391783,7.663611168588195e-06,0.23257520176082172,-0.1380392156862745,6.4031243324279785,0.3845834280245259,0.0,0.7249651392891072,2.0,nnUNet_raw/Dataset702_AbdomenMR/predictTsOri/amos_7236.nii.gz
4,0.9123646697423979,0.8388516301013392,0.8923949494722153,0.9332485995386716,0.00026043831425104727,0.06675140046132844,0.04475534130262204,6.480740547180176,0.648415146487508,0.0,0.9943641237817822,2.8284270763397217,nnUNet_raw/Dataset702_AbdomenMR/predictTsOri/amos_7237.nii.gz
5,0.9830918614267773,0.9667459863248893,0.9724284199363733,0.9939917619003376,4.954346243797063e-05,0.006008238099662424,0.021931571047875763,1.0,0.09931372549019608,0.0,0.29908278021219153,1.0,nnUNet_raw/Dataset702_AbdomenMR/predictTsOri/amos_7237.nii.gz
6,0.9262488950474234,0.862629049483802,0.9096668230877523,0.943446731883,0.00010473652289869562,0.056553268117000045,0.03645746231215806,5.0,0.3780344807381092,0.0,0.6776974485379285,1.4142135381698608,nnUNet_raw/Dataset702_AbdomenMR/predictTsOri/amos_7237.nii.gz
7,0.8075060532687651,0.6771573604060914,0.9174690508940853,0.721081081081081,3.261033503042952e-06,0.2789189189189189,-0.2397094430992736,6.4031243324279785,0.3903669435943743,0.0,0.9164010977283794,2.0,nnUNet_raw/Dataset702_AbdomenMR/predictTsOri/amos_7237.nii.gz
8,0.8264771877337322,0.704270235818993,0.8790771678599841,0.7798165137614679,8.26150579096227e-06,0.22018348623853212,-0.11967090501121914,6.324555397033691,0.39477633872929924,0.0,0.817743853847404,2.0,nnUNet_raw/Dataset702_AbdomenMR/predictTsOri/amos_7237.nii.gz
4,0.9445064957968373,0.894848231690337,0.9608300442530798,0.9287283236994219,0.0001096583013845407,0.07127167630057804,-0.033978014226089,4.9117207527160645,0.35878904992654226,0.0,0.7593341078170328,1.9445436000823975,nnUNet_raw/Dataset702_AbdomenMR/predictTsOri/amos_7240.nii.gz
5,0.9615588748199257,0.9259637850467289,0.9738155570913,0.9496068888056908,5.7051603258800965e-05,0.05039311119430925,-0.025172492228372128,2.75,0.233924882768265,0.0,0.5287974664770116,1.375,nnUNet_raw/Dataset702_AbdomenMR/predictTsOri/amos_7240.nii.gz
6,0.9048890953431658,0.8262990455991517,0.8507478982421661,0.9663896812600768,0.00022850601696293606,0.0336103187399231,0.1272790616653118,9.0,0.558176885040649,0.0,1.0581107645100278,2.75,nnUNet_raw/Dataset702_AbdomenMR/predictTsOri/amos_7240.nii.gz
7,0.6666666666666666,0.5,0.9121621621621622,0.5252918287937743,2.170231996130977e-06,0.47470817120622566,-0.5382716049382716,6.264982223510742,0.8540252197475333,0.0,1.2573837688718315,3.3000946044921875,nnUNet_raw/Dataset702_AbdomenMR/predictTsOri/amos_7240.nii.gz
8,0.8415300546448088,0.7264150943396226,0.9261168384879725,0.771101573676681,7.178989401975157e-06,0.22889842632331903,-0.18266978922716628,9.19918441772461,0.47994780963337097,0.0,1.2742734284069466,3.0,nnUNet_raw/Dataset702_AbdomenMR/predictTsOri/amos_7240.nii.gz
4,0.9496497373029772,0.9041267194664444,0.9313454198473282,0.9686879714172291,0.00024102851338838856,0.03131202858277094,0.03930725822144386,6.0,0.330638154616524,0.0,0.7132704228186003,1.4484138190746307,nnUNet_raw/Dataset702_AbdomenMR/predictTsOri/amos_7244.nii.gz
5,0.9821204078781953,0.964868944696034,0.9815719670529108,0.9826694619147449,4.417604152547903e-05,0.017330538085255066,0.0011174745076127951,1.856155276298523,0.10443623323585992,0.0,0.35581642464919017,1.3125,nnUNet_raw/Dataset702_AbdomenMR/predictTsOri/amos_7244.nii.gz
6,0.925210245875329,0.8608290526818779,0.8961571943788086,0.9562101910828026,0.00013956526506368855,0.04378980891719745,0.0648391859793285,3.986304759979248,0.3593520266918629,0.0,0.6960184005947374,1.3125,nnUNet_raw/Dataset702_AbdomenMR/predictTsOri/amos_7244.nii.gz
7,0.7372400756143668,0.5838323353293413,0.8628318584070797,0.6435643564356436,5.175208348045115e-06,0.3564356435643564,-0.29111531190926276,8.079922676086426,0.768308483824438,0.0,1.4769002229082295,3.986304759979248,nnUNet_raw/Dataset702_AbdomenMR/predictTsOri/amos_7244.nii.gz
8,0.9293032786885246,0.8679425837320575,0.908817635270541,0.950733752620545,1.519339184291836e-05,0.049266247379454925,0.045081967213114756,3.0,0.16292823242953217,0.0,0.4879948295180512,1.3125,nnUNet_raw/Dataset702_AbdomenMR/predictTsOri/amos_7244.nii.gz
4,0.9605954161304907,0.9241785451381918,0.9587614551513468,0.9624364067182382,9.939674209607649e-05,0.037563593281761794,0.003825687754321288,6.264982223510742,0.2292624370470909,0.0,0.6275321750540385,1.375,nnUNet_raw/Dataset702_AbdomenMR/predictTsOri/amos_7261.nii.gz
5,0.9773631499519825,0.9557284679366783,0.9705722070844687,0.984249792760431,5.418474288085227e-05,0.015750207239568943,0.013993689120592673,1.9445436000823975,0.13907959959856706,0.0,0.4166783192561154,1.375,nnUNet_raw/Dataset702_AbdomenMR/predictTsOri/amos_7261.nii.gz
6,0.9584971603320227,0.9203020134228188,0.9503712871287129,0.9667631877124512,6.702931588141796e-05,0.03323681228754879,0.017100418148910942,4.069705009460449,0.19614647613215577,0.0,0.5076290596219598,1.375,nnUNet_raw/Dataset702_AbdomenMR/predictTsOri/amos_7261.nii.gz
7,0.8231292517006803,0.6994219653179191,0.8551236749116607,0.7934426229508197,6.844632681117745e-06,0.20655737704918034,-0.07482993197278912,6.15553617477417,0.3539073101706562,0.0,0.8662189175932267,2.6833630800246473,nnUNet_raw/Dataset702_AbdomenMR/predictTsOri/amos_7261.nii.gz
8,0.8683914510686164,0.7673956262425448,0.9747474747474747,0.7829614604462475,1.6694750018656384e-06,0.21703853955375255,-0.21822272215973004,4.29571008682251,0.2816245791643895,0.0,0.6920677950038369,1.375,nnUNet_raw/Dataset702_AbdomenMR/predictTsOri/amos_7261.nii.gz
4,0.9030234500627873,0.8231930300738638,0.8692351448324145,0.9395447827372155,0.0003571571877346234,0.06045521726278451,0.07774261183810535,8.101973533630371,0.4492954832114731,0.0,1.1589478296542541,2.7621359825134277,nnUNet_raw/Dataset702_AbdomenMR/predictTsOri/amos_7264.nii.gz
5,0.9587752095292368,0.9208148118484109,0.9700877538392305,0.9477234633033825,6.352734271188459e-05,0.052276536696617484,-0.023322723671591588,5.807058334350586,0.19662262009222206,0.0,0.6100927764078558,1.1048543453216553,nnUNet_raw/Dataset702_AbdomenMR/predictTsOri/amos_7264.nii.gz
6,0.869068870523416,0.768454283264479,0.791227753365838,0.9638972403510059,0.0003104717048381756,0.036102759648994155,0.1967603305785124,14.569792747497559,0.7522282580143701,0.0,1.872839926179538,4.314594268798828,nnUNet_raw/Dataset702_AbdomenMR/predictTsOri/amos_7264.nii.gz
7,0.7012763516420479,0.5399734982332155,0.8212966073228082,0.6118618618618619,1.58567238887745e-05,0.38813813813813813,-0.2922701849992829,6.7227325439453125,0.8485450533691815,0.0,1.7822565874959093,6.0766987800598145,nnUNet_raw/Dataset702_AbdomenMR/predictTsOri/amos_7264.nii.gz
8,0.877195550351288,0.7812540737843827,0.8601980766470504,0.8948783037180827,2.903325664161828e-05,0.10512169628191728,0.039519906323185014,4.021730422973633,0.1367845577967878,0.0,0.39562809343994076,0.873464047908783,nnUNet_raw/Dataset702_AbdomenMR/predictTsOri/amos_7264.nii.gz
4,0.8746291959406713,0.7771920088790233,0.823944697749669,0.9319580768590917,0.0003904123596007683,0.06804192314090833,0.12302888368462139,31.399686813354492,0.7815908482515619,0.0,2.8480721045862802,3.9528470039367676,nnUNet_raw/Dataset702_AbdomenMR/predictTsOri/amos_7296.nii.gz
5,0.8487446417636252,0.7372340425531915,0.7513940520446096,0.9750753768844221,0.0005233084177664023,0.02492462311557789,0.25911993701338465,47.61396789550781,3.991671032130067,0.0,10.897840480442891,35.3774299621582,nnUNet_raw/Dataset702_AbdomenMR/predictTsOri/amos_7296.nii.gz
6,0.5386562356189599,0.3686033695481027,0.8145441892832289,0.4023719491234101,0.00017383182081168045,0.5976280508765899,-0.6774045098941556,33.750038146972656,4.231908652505084,2.5,6.156535022676336,16.571359634399414,nnUNet_raw/Dataset702_AbdomenMR/predictTsOri/amos_7296.nii.gz
7,0.6297117516629712,0.459546925566343,0.8452380952380952,0.5017667844522968,8.464321420235002e-06,0.49823321554770317,-0.5099778270509978,8.190844535827637,1.385136247477712,0.0,2.4283634397776575,7.799995422363281,nnUNet_raw/Dataset702_AbdomenMR/predictTsOri/amos_7296.nii.gz
8,0.7453416149068323,0.594059405940594,0.6521739130434783,0.8695652173913043,3.1252105854789044e-05,0.13043478260869565,0.2857142857142857,22.636306762695312,1.620390381274363,0.0,4.265744591302132,12.691486072540282,nnUNet_raw/Dataset702_AbdomenMR/predictTsOri/amos_7296.nii.gz
4,0.8771361631753032,0.7811598649892605,0.8592547590117456,0.8957776213933849,0.00039876297414065143,0.10422237860661505,0.041620727673649396,8.241076469421387,0.8501658882189347,0.0,1.2519487641208116,3.2467730045318604,nnUNet_raw/Dataset702_AbdomenMR/predictTsOri/amos_7324.nii.gz
5,0.9833071107870601,0.9671623763871066,0.9861453201970444,0.9804851917042933,3.441805663032311e-05,0.019514808295706742,-0.005756168694117196,2.9296875,0.11458156500916022,0.0,0.3951853536972082,1.46484375,nnUNet_raw/Dataset702_AbdomenMR/predictTsOri/amos_7324.nii.gz
6,0.8746605105920695,0.7772414625316761,0.8562882212177613,0.8938384679433805,0.0002064681643662306,0.10616153205661949,0.042911461162411735,7.469266891479492,0.6848231780241331,0.0,1.1084014418655395,2.897545099258423,nnUNet_raw/Dataset702_AbdomenMR/predictTsOri/amos_7324.nii.gz
7,0.39828693790149894,0.24866310160427807,0.33695652173913043,0.4869109947643979,3.49057516095271e-05,0.5130890052356021,0.3640256959314775,15.4749755859375,2.870078901662561,1.46484375,3.5175085537705812,10.325583744049066,nnUNet_raw/Dataset702_AbdomenMR/predictTsOri/amos_7324.nii.gz
8,0.4781021897810219,0.31414868105515587,0.6582914572864321,0.3753581661891118,1.2970834125730492e-05,0.6246418338108882,-0.5474452554744526,9.897276878356934,1.8650521715003323,1.46484375,2.02762192962362,5.795090198516846,nnUNet_raw/Dataset702_AbdomenMR/predictTsOri/amos_7324.nii.gz
4,0.8772771572081866,0.7813835470085471,0.9238907310911101,0.8351413074507565,0.00011511003038236114,0.1648586925492435,-0.10090711447634755,7.266045093536377,0.56243741323592,0.0,1.2034979007107744,3.1493194103240967,nnUNet_raw/Dataset702_AbdomenMR/predictTsOri/amos_7362.nii.gz
5,0.9720941674777791,0.9457035233397848,0.9674068081663935,0.9768271711092004,4.5690701348386015e-05,0.023172828890799656,0.009690565069042601,1.171875,0.06307771840155456,0.0,0.15277746205143292,0.390625,nnUNet_raw/Dataset702_AbdomenMR/predictTsOri/amos_7362.nii.gz
6,0.9256239809356579,0.8615456455755311,0.9199471466679963,0.931371311744365,9.58083818041891e-05,0.06862868825563492,0.012341653079142105,7.753684997558594,0.2513369137424329,0.0,0.5440422602969447,1.171875,nnUNet_raw/Dataset702_AbdomenMR/predictTsOri/amos_7362.nii.gz
7,0.6151665485471297,0.44421699078812693,0.7777777777777778,0.5087924970691676,7.391351748886216e-06,0.4912075029308324,-0.4181431608788094,6.417787075042725,1.5895646055326629,0.0,2.3807174543737166,6.012701988220215,nnUNet_raw/Dataset702_AbdomenMR/predictTsOri/amos_7362.nii.gz
8,0.8263655782728105,0.7041081643265731,0.8151715833835039,0.8378712871287128,9.149753630216909e-06,0.16212871287128713,0.0274641440341776,4.296875,0.22492382074401152,0.0,0.5458098885074428,1.4084184169769287,nnUNet_raw/Dataset702_AbdomenMR/predictTsOri/amos_7362.nii.gz
4,0.8938705809686444,0.8081066876888714,0.8698819036843222,0.9192198475564191,0.00030784581876782037,0.08078015244358093,0.05515387130763361,9.0,0.7370579550142652,0.0,1.2200312591031632,3.0,nnUNet_raw/Dataset702_AbdomenMR/predictTsOri/amos_7384.nii.gz
5,0.982625370445697,0.965844185515193,0.9728454723276954,0.9926038976285513,3.9452466631738974e-05,0.007396102371448697,0.020105758614678365,1.375,0.09119118191922934,0.0,0.3421579218418221,1.375,nnUNet_raw/Dataset702_AbdomenMR/predictTsOri/amos_7384.nii.gz
6,0.9564817182306316,0.9165931588748407,0.9344524380495604,0.9795747355190112,0.00010968335118753127,0.020425264480988792,0.04714906673485042,5.100551605224609,0.23215379745823989,0.0,0.583168324005578,1.375,nnUNet_raw/Dataset702_AbdomenMR/predictTsOri/amos_7384.nii.gz
7,0.7069219440353461,0.5466970387243736,0.802675585284281,0.631578947368421,9.849716695436744e-06,0.3684210526315789,-0.23858615611192932,10.275121688842773,1.0113300494455173,0.0,2.0382299973237816,6.15553617477417,nnUNet_raw/Dataset702_AbdomenMR/predictTsOri/amos_7384.nii.gz
8,0.8487518355359766,0.7372448979591837,0.9506578947368421,0.76657824933687,2.504164007383611e-06,0.23342175066312998,-0.2143906020558003,7.281182765960693,0.34189581693373566,0.0,0.9717886005637871,1.375,nnUNet_raw/Dataset702_AbdomenMR/predictTsOri/amos_7384.nii.gz
4,0.7881384906434481,0.650353596148059,0.854716911174006,0.7311827956989247,0.00035131656742882686,0.26881720430107525,-0.1557905773482552,28.557769775390625,1.8700348001561966,0.0,4.668835259357243,14.0734224319458,nnUNet_raw/Dataset702_AbdomenMR/predictTsOri/amos_7387.nii.gz
5,0.977771666411047,0.9565100421137589,0.9742525004479201,0.9813163481953291,7.301204606112713e-05,0.018683651804670912,0.007224340633478419,1.5625,0.05723790978367708,0.0,0.16047431477722698,0.390625,nnUNet_raw/Dataset702_AbdomenMR/predictTsOri/amos_7387.nii.gz
6,0.8856443203960187,0.7947591030457692,0.8520798500278665,0.9219615152678033,0.00017420516469533487,0.0780384847321967,0.07878245299910475,11.355032920837402,0.6896227668643444,0.0,1.632173477859223,6.652103900909424,nnUNet_raw/Dataset702_AbdomenMR/predictTsOri/amos_7387.nii.gz
7,0.8184849928537399,0.692741935483871,0.7998137802607076,0.8380487804878048,1.9224259692387404e-05,0.16195121951219513,0.046688899475940925,7.151647567749023,0.3501552398459347,0.0,1.14665050884887,1.953125,nnUNet_raw/Dataset702_AbdomenMR/predictTsOri/amos_7387.nii.gz
8,0.7224174279690794,0.5654565456545655,0.9244604316546763,0.5928489042675894,3.755383722575379e-06,0.4071510957324106,-0.43710470836261417,20.28889274597168,2.0287273583749843,0.0,4.751338095874608,13.473807334899902,nnUNet_raw/Dataset702_AbdomenMR/predictTsOri/amos_7387.nii.gz
4,0.8316042897789451,0.7117488386033268,0.8966396073249009,0.7753652763039752,0.00023867914308302394,0.2246347236960248,-0.14506456555044867,27.73084831237793,2.0052186190755137,0.0,4.466084382867304,13.601470947265625,nnUNet_raw/Dataset702_AbdomenMR/predictTsOri/amos_7398.nii.gz
5,0.9879093723667143,0.9761076186199671,0.9816912539515279,0.9942067651262506,5.303167593449253e-05,0.005793234873749405,0.012668175233622738,1.0,0.08260946017232285,0.0,0.27529100468842105,1.0,nnUNet_raw/Dataset702_AbdomenMR/predictTsOri/amos_7398.nii.gz
6,0.9010273515677119,0.8198815073815073,0.8790482140997605,0.9241337785319393,0.0001263754757372959,0.07586622146806064,0.05000667111407605,15.132745742797852,0.5466848856670623,0.0,1.2343299987558676,2.0,nnUNet_raw/Dataset702_AbdomenMR/predictTsOri/amos_7398.nii.gz
7,0.8429013406668958,0.7284610814022578,0.9533437013996889,0.7553912507701787,3.2611572205526607e-06,0.24460874922982132,-0.2316947404606394,4.123105525970459,0.28994977544862166,0.0,0.6107869487926363,1.4142135381698608,nnUNet_raw/Dataset702_AbdomenMR/predictTsOri/amos_7398.nii.gz
8,0.8915216586449464,0.8042752171008684,0.9318885448916409,0.8545067423704755,4.782974957158404e-06,0.14549325762952448,-0.08663457978526472,4.582575798034668,0.2503155544964653,0.0,0.6126300748838864,1.0,nnUNet_raw/Dataset702_AbdomenMR/predictTsOri/amos_7398.nii.gz
4,0.7037621034964193,0.5429266536603493,0.736811000354596,0.6735506828790411,0.0007989624778515162,0.3264493171209589,-0.08970793552830139,64.25675964355469,7.984160781881787,0.5179004669189453,15.407838999538445,46.58418655395508,nnUNet_raw/Dataset702_AbdomenMR/predictTsOri/amos_7438.nii.gz
5,0.9851124511082138,0.970661677920785,0.9860686291302682,0.9841581256766988,4.084150623761947e-05,0.015841874323301232,-0.001939374185136897,1.0358009338378906,0.04779891481941306,0.0,0.12901679464559856,0.3662109375,nnUNet_raw/Dataset702_AbdomenMR/predictTsOri/amos_7438.nii.gz
6,0.8187387387387387,0.6931055521659548,0.7731556912162023,0.87003341997772,0.0002625062673102824,0.12996658002227998,0.11791427791427792,18.360801696777344,1.6088007689468227,0.3662109375,2.616190312750741,6.0,nnUNet_raw/Dataset702_AbdomenMR/predictTsOri/amos_7438.nii.gz
7,0.8347562952555928,0.7163791504359117,0.9757453259221829,0.7293673276676109,2.289107342323723e-06,0.270632672332389,-0.28898735545228577,6.039705276489258,0.20288094779803134,0.0,0.5640825058872234,1.0358009338378906,nnUNet_raw/Dataset702_AbdomenMR/predictTsOri/amos_7438.nii.gz
8,0.7905457670820799,0.6536384309266629,0.9292786421499293,0.6878552198623991,8.345980673474856e-06,0.31214478013760094,-0.298581865062312,7.029299259185791,0.5538370138709571,0.0,1.280502876229467,3.474181890487671,nnUNet_raw/Dataset702_AbdomenMR/predictTsOri/amos_7438.nii.gz
4,0.9266659141362833,0.8633527308420389,0.9059741024131842,0.9483249903735079,0.00024059572857864966,0.05167500962649211,0.045678594273243785,6.741893291473389,0.4449816663150203,0.0,0.8754676471719117,1.9445436000823975,nnUNet_raw/Dataset702_AbdomenMR/predictTsOri/amos_7458.nii.gz
5,0.9707805569527642,0.9432201883774658,0.9641235240690281,0.977530159314854,7.433277862889331e-05,0.022469840685145962,0.013809502034843843,4.3481316566467285,0.18730038973339055,0.0,0.5335082432627991,1.375,nnUNet_raw/Dataset702_AbdomenMR/predictTsOri/amos_7458.nii.gz
6,0.9127623069816551,0.8395241563486283,0.8948117479622202,0.9314478114478114,0.00015289499047932485,0.06855218855218856,0.040121420087105716,5.282636642456055,0.4532978851183326,0.0,0.785316467956456,1.9445436000823975,nnUNet_raw/Dataset702_AbdomenMR/predictTsOri/amos_7458.nii.gz
7,0.8393135725429017,0.7231182795698925,0.7685714285714286,0.9243986254295533,1.5212670313826119e-05,0.07560137457044673,0.18408736349453977,8.254733085632324,0.5175287468919476,0.0,1.378457598000558,3.3000946044921875,nnUNet_raw/Dataset702_AbdomenMR/predictTsOri/amos_7458.nii.gz
8,0.08695652173913043,0.045454545454545456,0.17647058823529413,0.057692307692307696,5.258516166932347e-06,0.9423076923076923,-1.0144927536231885,22.967369079589844,8.637570103009542,6.486958265304565,6.827491648282947,21.591909217834473,nnUNet_raw/Dataset702_AbdomenMR/predictTsOri/amos_7458.nii.gz
4,0.8763298875726251,0.7798818157399946,0.8495044435504516,0.9049047489189295,0.00022395373197533014,0.09509525108107056,0.06315551195955632,18.867961883544922,0.9745073931986402,0.0,2.413151729094292,4.123105525970459,nnUNet_raw/Dataset702_AbdomenMR/predictTsOri/amos_7492.nii.gz
5,0.9830930401410642,0.9667482660138719,0.9785706091545257,0.9876574657280475,5.08802833781196e-05,0.012342534271952576,0.009242932383685417,3.0,0.12474439515364122,0.0,0.3542271430876557,1.0,nnUNet_raw/Dataset702_AbdomenMR/predictTsOri/amos_7492.nii.gz
6,0.9174020229016427,0.8474078488124628,0.8818266377286619,0.9559685009123211,0.00014516430390179667,0.044031499087678866,0.08068566688938553,6.0,0.44700410114425065,0.0,0.8463945975236866,2.0,nnUNet_raw/Dataset702_AbdomenMR/predictTsOri/amos_7492.nii.gz
7,0.8456832087015635,0.7326266195524146,0.856159669649002,0.8354600402955004,1.1359614916663637e-05,0.16453995970449967,-0.024473147518694765,6.0,0.3793588992274443,0.0,0.8740725454462046,2.0,nnUNet_raw/Dataset702_AbdomenMR/predictTsOri/amos_7492.nii.gz
8,0.8172619047619047,0.6909914443885254,0.837705918242831,0.7977919814061593,1.4457874021803887e-05,0.2022080185938408,-0.04880952380952381,5.656854152679443,0.5078607593051357,0.0,0.9274978036053061,2.2360680103302,nnUNet_raw/Dataset702_AbdomenMR/predictTsOri/amos_7492.nii.gz
4,0.7611893412732016,0.6144517210204846,0.9185180301931571,0.649875230299214,7.376560555101699e-05,0.35012476970078593,-0.3425707144515618,20.893014907836914,1.4476396963162041,0.0,2.864182915177047,7.485246801376343,nnUNet_raw/Dataset702_AbdomenMR/predictTsOri/amos_7562.nii.gz
5,0.8713787623909336,0.7720736889879111,0.9588783131141031,0.7985128763148349,9.593345553442496e-05,0.20148712368516503,-0.18250397266573146,19.496809005737305,1.4942510200623234,0.0,3.3921340967389715,9.821642875671387,nnUNet_raw/Dataset702_AbdomenMR/predictTsOri/amos_7562.nii.gz
6,0.8597036576520568,0.7539300318037255,0.8941455397796159,0.8278167169688958,0.00011723339569768059,0.17218328303110425,-0.07703864884467931,17.910022735595703,0.8124442055891303,0.0,2.089015095375952,3.90625,nnUNet_raw/Dataset702_AbdomenMR/predictTsOri/amos_7562.nii.gz
7,0.82571299230421,0.7031611410948342,0.7663865546218488,0.8949950932286556,8.285297236379501e-06,0.10500490677134446,0.15482118605703937,8.240242958068848,0.37766375117327855,0.0,1.252048731778456,3.1493194103240967,nnUNet_raw/Dataset702_AbdomenMR/predictTsOri/amos_7562.nii.gz
8,0.7113331819214173,0.5519915403595347,0.7105263157894737,0.7121418826739427,1.9015127845589292e-05,0.2878581173260573,0.0022711787417669773,7.140978813171387,0.7040550753849895,0.0,1.6337137010566682,5.51871976852415,nnUNet_raw/Dataset702_AbdomenMR/predictTsOri/amos_7562.nii.gz
4,0.9297815201153076,0.8687772988329301,0.95045119684722,0.9099917246583742,0.0001765118698728459,0.09000827534162582,-0.04349445147836449,9.447957992553711,0.4930007251841301,0.0,0.9768377769140899,3.0,nnUNet_raw/Dataset702_AbdomenMR/predictTsOri/amos_7626.nii.gz
5,0.973512222353026,0.9483914407481946,0.9893559541819754,0.9581679412138473,2.1965318784551075e-05,0.04183205878615266,-0.032028375150477156,1.6105881929397583,0.10713603331108616,0.0,0.2200326976033052,0.5524271726608276,nnUNet_raw/Dataset702_AbdomenMR/predictTsOri/amos_7626.nii.gz
6,0.9399240459336481,0.88665726481974,0.9635869900635685,0.9173954344696562,5.635825650925524e-05,0.08260456553034383,-0.04911428729098836,6.0,0.31786455667972463,0.0,0.6033474425687273,1.6105881929397583,nnUNet_raw/Dataset702_AbdomenMR/predictTsOri/amos_7626.nii.gz
7,0.8321424645487523,0.7125376506024096,0.8907978347846552,0.7807343234323433,7.375649724799249e-06,0.21926567656765678,-0.131691766516434,3.5797622203826904,0.3290089983385725,0.0,0.7421403752802341,3.0,nnUNet_raw/Dataset702_AbdomenMR/predictTsOri/amos_7626.nii.gz
8,0.7766259822772111,0.6348230148968156,0.9035207158140439,0.6809851927869813,7.88456250192047e-06,0.3190148072130186,-0.28088948336398595,11.019790649414062,0.7347545453037612,0.0,1.6348230141319655,3.427328586578369,nnUNet_raw/Dataset702_AbdomenMR/predictTsOri/amos_7626.nii.gz
4,0.9002807472195228,0.8186459816387648,0.9443311813342394,0.8601568141958114,0.00010264416806745152,0.13984318580418859,-0.09329446064139942,8.269590377807617,0.5880151216298675,0.0,1.0252216942677146,3.0,nnUNet_raw/Dataset702_AbdomenMR/predictTsOri/amos_7671.nii.gz
5,0.986490348888169,0.9733408535438992,0.9797880393641181,0.9932849852269675,5.579879581183016e-05,0.006715014773032501,0.013681141746536842,71.88054656982422,0.2593561511200208,0.0,3.512700655929668,1.1160736083984375,nnUNet_raw/Dataset702_AbdomenMR/predictTsOri/amos_7671.nii.gz
6,0.9249933457545915,0.8604536000792314,0.9237639553429027,0.926226012793177,7.479049274104548e-05,0.07377398720682303,0.002661698163428267,4.024052143096924,0.2886965624894648,0.0,0.5901068282795705,1.1160736083984375,nnUNet_raw/Dataset702_AbdomenMR/predictTsOri/amos_7671.nii.gz
7,0.8057675996607294,0.6747159090909091,0.7786885245901639,0.8347978910369068,1.4068961463655548e-05,0.16520210896309315,0.06955046649703138,5.5803680419921875,0.42139904327849126,0.0,0.9512307618891034,3.0,nnUNet_raw/Dataset702_AbdomenMR/predictTsOri/amos_7671.nii.gz
8,0.8879743941472337,0.7985197368421053,0.987792472024415,0.8064784053156147,1.2506571160930805e-06,0.19352159468438537,-0.20210333790580703,3.3898682594299316,0.21919931874740722,0.0,0.5384538336399962,1.1160736083984375,nnUNet_raw/Dataset702_AbdomenMR/predictTsOri/amos_7671.nii.gz
4,0.9182539010694433,0.8488626878130217,0.9517059855722363,0.88707361840551,0.0001350233658016286,0.11292638159448998,-0.07029919956356932,9.219544410705566,0.6535532671085231,0.0,1.0175236554466263,2.4494898319244385,nnUNet_raw/Dataset702_AbdomenMR/predictTsOri/amos_7776.nii.gz
5,0.9704105801158192,0.9425219037555584,0.9815226611035969,0.9595472882115643,4.3910831592699255e-05,0.04045271178843568,-0.022642535782686053,3.605551242828369,0.2187777009080438,0.0,0.4485844538816241,1.0,nnUNet_raw/Dataset702_AbdomenMR/predictTsOri/amos_7776.nii.gz
6,0.8912067555614893,0.8037627934978928,0.8644457394457394,0.9196776082389005,0.000227913968818299,0.08032239176109944,0.06191485455850203,10.630146026611328,0.7616490997558782,0.0,1.2417078673064883,3.0,nnUNet_raw/Dataset702_AbdomenMR/predictTsOri/amos_7776.nii.gz
7,0.8319162851536952,0.7122060470324748,0.8688524590163934,0.7979924717691342,5.2176173065757255e-06,0.20200752823086573,-0.08502289077828647,4.0,0.2852374577764855,0.0,0.5900384792979355,1.4142135381698608,nnUNet_raw/Dataset702_AbdomenMR/predictTsOri/amos_7776.nii.gz
8,0.8257790368271954,0.7032569360675512,0.9604612850082372,0.724223602484472,2.608923933018052e-06,0.27577639751552796,-0.2804532577903683,12.649110794067383,0.6249582714024882,0.0,1.7333277289268405,2.8284270763397217,nnUNet_raw/Dataset702_AbdomenMR/predictTsOri/amos_7776.nii.gz
4,0.8609517083075836,0.7558518059215625,0.8254962542853514,0.8995895023292284,0.00022434043069989153,0.10041049767077165,0.08590094464553721,10.049875259399414,0.8605057365259184,0.0,1.3978237445784545,3.605551242828369,nnUNet_raw/Dataset702_AbdomenMR/predictTsOri/amos_7784.nii.gz
5,0.9814593677330149,0.9635937307170184,0.976569665638289,0.9863982818882385,3.058294854778066e-05,0.013601718111761486,0.01001403641086879,4.0,0.10084545862881686,0.0,0.34616937969107153,1.0,nnUNet_raw/Dataset702_AbdomenMR/predictTsOri/amos_7784.nii.gz
6,0.9044526901669759,0.825571549534293,0.8896492728828058,0.9197570897942339,0.00010526007152571454,0.08024291020576617,0.033279220779220776,10.198039054870605,0.5424905139751828,0.0,0.9728752865316971,2.2360680103302,nnUNet_raw/Dataset702_AbdomenMR/predictTsOri/amos_7784.nii.gz
7,0.7398373983739838,0.5870967741935483,0.9420289855072463,0.6091030789825971,1.5218009122435568e-06,0.3908969210174029,-0.4292682926829268,5.74456262588501,0.6136178025399247,0.0,0.9614265906445009,2.2360680103302,nnUNet_raw/Dataset702_AbdomenMR/predictTsOri/amos_7784.nii.gz
8,0.7453213995117982,0.5940337224383917,0.8576779026217228,0.6589928057553956,8.26149366718464e-06,0.3410071942446043,-0.26200162733930027,15.524174690246582,1.0203363592351846,0.0,2.227531997103684,6.0,nnUNet_raw/Dataset702_AbdomenMR/predictTsOri/amos_7784.nii.gz
4,0.8638154818888172,0.7602774620841007,0.841648590021692,0.8871815978414963,0.00019860559285320224,0.11281840215850368,0.052674933766725295,15.65247631072998,1.0306674846083816,0.0,2.084229465202664,4.4721360206604,nnUNet_raw/Dataset702_AbdomenMR/predictTsOri/amos_7785.nii.gz
5,0.9822995873394919,0.9652148855590318,0.9776916020348595,0.9869512143789199,2.9113676827194765e-05,0.013048785621080103,0.009426255262992522,4.0,0.09828896249100837,0.0,0.33914480228282906,1.0,nnUNet_raw/Dataset702_AbdomenMR/predictTsOri/amos_7785.nii.gz
6,0.9105584232754576,0.835802894555479,0.881893103866198,0.9411498415572658,0.00010601300429812292,0.058850158442734266,0.06500860315970593,5.74456262588501,0.4546322561112287,0.0,0.7269783749683505,2.0,nnUNet_raw/Dataset702_AbdomenMR/predictTsOri/amos_7785.nii.gz
7,0.8061389337641357,0.6752368064952639,0.9522900763358778,0.6988795518207283,1.3587483775185623e-06,0.3011204481792717,-0.3069466882067851,4.0,0.396261485500862,0.0,0.7246959751193869,2.0,nnUNet_raw/Dataset702_AbdomenMR/predictTsOri/amos_7785.nii.gz
8,0.7694929697486153,0.6253462603878116,0.903,0.6703786191536748,5.272125084374383e-06,0.32962138084632514,-0.29569663400085217,15.524174690246582,0.9281183457102519,0.0,2.1933525772820035,5.0,nnUNet_raw/Dataset702_AbdomenMR/predictTsOri/amos_7785.nii.gz
4,0.8496130409071041,0.7385454382906441,0.8782691898788008,0.8227677904486829,0.00020511020583301778,0.17723220955131716,-0.06525595865579924,11.37645149230957,0.6704855917581908,0.0,1.5195885547903774,3.90625,nnUNet_raw/Dataset702_AbdomenMR/predictTsOri/amos_7789.nii.gz
5,0.9695873491641043,0.9409699583730378,0.9673128480098989,0.9718725718725719,3.783287785691188e-05,0.028127428127428127,0.0047027208599261005,1.4084184169769287,0.06788662424655753,0.0,0.17297839257828898,0.390625,nnUNet_raw/Dataset702_AbdomenMR/predictTsOri/amos_7789.nii.gz
6,0.8382971397653771,0.721610635955627,0.8891381469115192,0.7929558460894245,6.33705265142432e-05,0.20704415391057554,-0.11436019773247091,7.606578350067139,0.47738253195744595,0.0,1.025766251618169,2.3760790824890137,nnUNet_raw/Dataset702_AbdomenMR/predictTsOri/amos_7789.nii.gz
7,0.6951442132165023,0.5327364297705652,0.8888888888888888,0.5707434052757794,3.546652669210799e-06,0.4292565947242206,-0.4359255202628697,7.247030735015869,0.5786473349819584,0.0,1.2501423430318068,3.6851489543914795,nnUNet_raw/Dataset702_AbdomenMR/predictTsOri/amos_7789.nii.gz
8,0.604994324631101,0.43368592351505286,0.9173838209982789,0.45131244707874685,2.8612243596296743e-06,0.5486875529212532,-0.681044267877412,17.297073364257812,3.1816160448478694,0.0,4.80975915871185,14.329939842224121,nnUNet_raw/Dataset702_AbdomenMR/predictTsOri/amos_7789.nii.gz
4,0.8613904257878278,0.7565283529113496,0.8137442050722662,0.9149632052330335,0.0002748426059961562,0.08503679476696648,0.11710368053885013,12.450461387634277,0.812256301045642,0.0,2.004904930299969,6.5472869873046875,nnUNet_raw/Dataset702_AbdomenMR/predictTsOri/amos_7799.nii.gz
5,0.8113497806392798,0.6825807688620458,0.9030948756976154,0.7365263266783904,0.00010247752838151365,0.2634736733216096,-0.20317930602244885,117.28683471679688,4.370079971347497,0.0,12.802396782056267,29.423205089569016,nnUNet_raw/Dataset702_AbdomenMR/predictTsOri/amos_7799.nii.gz
6,0.16909246575342465,0.09235445405658171,0.4658018867924528,0.1032949790794979,0.0001214914972043546,0.8967050209205021,-1.273972602739726,138.80087280273438,25.592228118084765,13.199996948242188,34.20260192838518,112.20381164550781,nnUNet_raw/Dataset702_AbdomenMR/predictTsOri/amos_7799.nii.gz
7,0.8536082474226804,0.7446043165467626,0.8165680473372781,0.8941684665226782,1.245897747698204e-05,0.10583153347732181,0.09072164948453608,6.5999908447265625,0.33310955535270603,0.0,1.0935934967318681,2.0704278469085695,nnUNet_raw/Dataset702_AbdomenMR/predictTsOri/amos_7799.nii.gz
8,0.7121212121212122,0.5529411764705883,0.6968698517298187,0.7280550774526678,2.465040963220115e-05,0.2719449225473322,0.04377104377104377,13.988335609436035,1.5258296683010921,0.0,3.266257181720456,8.333328247070312,nnUNet_raw/Dataset702_AbdomenMR/predictTsOri/amos_7799.nii.gz
4,0.8770775775117309,0.7810669374365383,0.8454514710855597,0.9111617312072893,0.00017451432177366887,0.0888382687927107,0.07481471736175065,15.384379386901855,0.7062065164703657,0.0,1.7160775506768888,4.39453125,nnUNet_raw/Dataset702_AbdomenMR/predictTsOri/amos_7801.nii.gz
5,0.7953795379537953,0.6602739726027397,0.8982380844815903,0.7136575735821967,8.601747309877518e-05,0.2863424264178033,-0.22902290229022904,119.13155364990234,4.42490963746129,0.0,11.246139223698176,33.17975082397459,nnUNet_raw/Dataset702_AbdomenMR/predictTsOri/amos_7801.nii.gz
6,0.19809879477168563,0.10993876589731512,0.4705645161290323,0.1254568909911847,0.0001253286177446614,0.8745431090088153,-1.1580376846036327,74.21009063720703,13.246516079195557,8.963120460510254,14.276411322005718,44.746971130371094,nnUNet_raw/Dataset702_AbdomenMR/predictTsOri/amos_7801.nii.gz
7,0.8230616302186878,0.6993243243243243,0.8589211618257261,0.7900763358778626,6.4853094389101014e-06,0.2099236641221374,-0.08349900596421471,6.716028213500977,0.4251159002106503,0.0,1.3082173706903353,1.9652941226959229,nnUNet_raw/Dataset702_AbdomenMR/predictTsOri/amos_7801.nii.gz
8,0.7206923682140047,0.5633456334563346,0.661849710982659,0.7910189982728842,2.231721130994305e-05,0.20898100172711573,0.1778127458693942,13.912298202514648,1.0412588732137227,0.0,2.4949383734937847,6.658262252807617,nnUNet_raw/Dataset702_AbdomenMR/predictTsOri/amos_7801.nii.gz
4,0.5140562248995983,0.34594594594594597,0.8983803239352129,0.3600346187133378,4.608469943363156e-05,0.6399653812866621,-0.8555933134246387,89.22443389892578,18.781955864394497,3.0,25.42286783459908,77.1346221923828,nnUNet_raw/Dataset702_AbdomenMR/predictTsOri/amos_7813.nii.gz
5,0.9728489577582293,0.9471333014811276,0.9730757903004124,0.9726222309447293,5.9751938492868736e-05,0.02737776905527071,-0.0004662176254800201,2.0,0.18244254751663005,0.0,0.3903402855782752,1.0,nnUNet_raw/Dataset702_AbdomenMR/predictTsOri/amos_7813.nii.gz
6,0.6102059787660844,0.4390621699640921,0.6364564196774852,0.5860351470726436,0.00019369897558691414,0.41396485292735646,-0.08248935857918685,22.29349708557129,2.5141730836821905,1.0,3.5671819216951954,10.0,nnUNet_raw/Dataset702_AbdomenMR/predictTsOri/amos_7813.nii.gz
7,0.0525783619817998,0.02699896157840083,0.9629629629629629,0.02702702702702703,5.435066768164727e-08,0.972972972972973,-1.890798786653185,36.027767181396484,12.32517648119534,10.0,9.414113794424967,30.893569946289,nnUNet_raw/Dataset702_AbdomenMR/predictTsOri/amos_7813.nii.gz
8,0.4816157431382703,0.3171896316507503,0.96875,0.32046864231564437,8.152816833544862e-07,0.6795313576843556,-1.005696530295184,18.76166343688965,3.474570567142489,1.4142135381698608,4.314324794372261,13.030712127685536,nnUNet_raw/Dataset702_AbdomenMR/predictTsOri/amos_7813.nii.gz
4,0.9079786730253885,0.8314660626096894,0.9224038396232822,0.8939977399642344,0.0001637918821875934,0.10600226003576561,-0.03127733423959976,9.187702178955078,0.457736971201111,0.0,1.1873187866573767,3.107402801513672,nnUNet_raw/Dataset702_AbdomenMR/predictTsOri/amos_7890.nii.gz
5,0.9712988204719452,0.9441991900092459,0.9597088021178027,0.9831721968351255,7.270244568017902e-05,0.016827803164874502,0.024153197987903306,1.1580606698989868,0.08779528653152992,0.0,0.1814026925927319,0.3662109375,nnUNet_raw/Dataset702_AbdomenMR/predictTsOri/amos_7890.nii.gz
6,0.8830658236057068,0.7906158144935951,0.8944678230524479,0.8719508534608689,0.0001227172028249925,0.12804914653913113,-0.025494487678339818,7.993432998657227,0.7115196485056917,0.0,1.4498294149863848,4.82020843028992,nnUNet_raw/Dataset702_AbdomenMR/predictTsOri/amos_7890.nii.gz
7,0.6389413988657845,0.46944444444444444,0.6627450980392157,0.6167883211678832,6.151319894431907e-06,0.38321167883211676,-0.07183364839319471,6.565657138824463,1.0384730303975398,0.0,1.9949699235718674,6.0,nnUNet_raw/Dataset702_AbdomenMR/predictTsOri/amos_7890.nii.gz
8,0.8399412628487518,0.7240506329113924,0.9546971864568431,0.749812734082397,2.2651206939757567e-06,0.250187265917603,-0.24040276903713026,6.2195024490356445,0.3442638004344908,0.0,1.1525401525671333,2.3161213397979736,nnUNet_raw/Dataset702_AbdomenMR/predictTsOri/amos_7890.nii.gz
